x_fit,y_fit
14.6,54.84785859482698
19.0,54.59366013224608
23.8,54.31635271852146
32.8,53.7964013177878
34.2,53.715519988784784
36.3,53.59419799528026
42.5,53.23600925255263
